Date,Open,High,Low,Close,Volume
2020-01-01,100.0,102.44,100.0,101.04,8185115
2020-01-02,101.04,101.74,100.67,100.82,3585181
2020-01-03,100.82,102.22,100.82,102.16,8981512
2020-01-06,102.16,105.91,102.16,105.26,3269798
2020-01-07,105.26,105.54,102.95,104.84,5181726
2020-01-08,104.84,104.84,104.21,104.42,4439289
2020-01-09,104.42,108.53,104.42,107.63,7641620
2020-01-10,107.63,109.85,107.63,109.22,8685815
2020-01-13,109.22,109.38,107.67,108.33,9521267
2020-01-14,108.33,110.0,108.33,109.46,3598475
2020-01-15,109.46,109.9,106.98,108.58,1639872
2020-01-16,108.58,108.58,106.94,107.7,4855798
2020-01-17,107.7,110.31,107.47,108.24,5941412
2020-01-20,108.24,108.24,103.52,104.46,3959470
2020-01-21,104.46,104.46,100.23,101.06,1936320
2020-01-22,101.06,101.06,99.79,99.99,6010168
2020-01-23,99.99,99.99,97.75,98.01,6422569
2020-01-24,98.01,99.17,96.68,98.69,2647824
2020-01-27,98.69,98.69,96.29,96.92,4383973
2020-01-28,96.92,96.92,92.91,94.15,6810786
2020-01-29,94.15,97.65,94.15,97.13,5125903
2020-01-30,97.13,97.3,96.45,96.73,9821437
2020-01-31,96.73,96.94,95.55,96.91,5411054
2020-02-03,96.91,96.91,92.8,94.11,5314896
2020-02-04,94.11,94.8,90.06,93.07,1234000
2020-02-05,93.07,93.78,93.07,93.35,9710745
2020-02-06,93.35,93.35,89.29,91.09,8942992
2020-02-07,91.09,92.02,90.66,91.9,8144013
2020-02-10,91.9,91.9,90.53,90.74,5573957
2020-02-11,90.74,91.23,89.72,90.21,9955118
2020-02-12,90.21,90.21,88.25,89.06,1708092
2020-02-13,89.06,94.48,89.06,92.81,8724826
2020-02-14,92.81,93.23,92.36,92.84,2097996
2020-02-17,92.84,92.84,90.26,90.77,9988400
2020-02-18,90.77,92.95,90.77,92.47,5817911
2020-02-19,92.47,92.47,87.31,90.07,5858939
2020-02-20,90.07,91.77,90.07,90.54,7254597
2020-02-21,90.54,90.54,86.16,86.67,1668629
2020-02-24,86.67,86.67,84.04,84.07,2171248
2020-02-25,84.07,85.56,82.74,84.51,2383640
2020-02-26,84.51,87.72,84.51,86.04,1513953
2020-02-27,86.04,86.89,86.02,86.43,7051865
2020-02-28,86.43,87.33,85.72,86.25,7434323
2020-03-02,86.25,86.25,85.54,85.7,5563653
2020-03-03,85.7,85.7,81.97,82.79,8801402
2020-03-04,82.79,82.79,80.28,81.4,1685503
2020-03-05,81.4,81.4,80.53,80.53,9811249
2020-03-06,80.53,84.27,80.53,82.69,1337283
2020-03-09,82.69,84.91,82.69,83.43,5777421
2020-03-10,83.43,83.43,79.8,79.95,9779788
2020-03-11,79.95,81.28,79.83,80.65,6696390
2020-03-12,80.65,80.65,79.06,79.93,4699243
2020-03-13,79.93,79.93,77.97,78.63,3497934
2020-03-16,78.63,80.16,78.63,79.9,1578110
2020-03-17,79.9,82.56,79.9,82.01,5218346
2020-03-18,82.01,84.6,82.01,83.92,5602606
2020-03-19,83.92,83.92,81.82,82.3,7964203
2020-03-20,82.3,82.9,80.85,81.73,9284578
2020-03-23,81.73,82.98,81.73,82.44,5343699
2020-03-24,82.44,84.81,82.44,84.44,8153314
2020-03-25,84.44,84.44,82.68,83.53,4710879
2020-03-26,83.53,86.06,83.07,83.21,7926767
2020-03-27,83.21,83.21,80.66,81.05,3906492
2020-03-30,81.05,81.05,78.6,78.71,4534150
2020-03-31,78.71,80.74,78.71,80.38,7142314
2020-04-01,80.38,84.26,80.38,83.14,6686321
2020-04-02,83.14,84.34,80.61,83.05,2741888
2020-04-03,83.05,86.27,83.05,85.11,1122019
2020-04-06,85.11,86.35,84.46,85.88,2765317
2020-04-07,85.88,85.88,83.71,84.64,1179001
2020-04-08,84.64,85.46,84.45,85.41,9202637
2020-04-09,85.41,89.02,85.41,88.54,4245988
2020-04-10,88.54,88.59,88.43,88.52,4127022
2020-04-13,88.52,92.98,88.52,91.7,9982339
2020-04-14,91.7,91.7,85.89,86.51,8045927
2020-04-15,86.51,88.69,86.51,88.2,3416826
2020-04-16,88.2,89.98,87.81,88.43,8780047
2020-04-17,88.43,88.43,86.67,87.88,5290447
2020-04-20,87.88,89.61,87.88,88.11,1144771
2020-04-21,88.11,88.11,83.74,84.19,6214636
2020-04-22,84.19,84.19,83.8,83.8,6749593
2020-04-23,83.8,84.91,83.8,84.56,2008923
2020-04-24,84.56,87.89,84.56,87.57,2820908
2020-04-27,87.57,88.66,84.28,86.58,9499970
2020-04-28,86.58,86.58,84.46,85.01,4916533
2020-04-29,85.01,85.01,82.84,84.06,6533831
2020-04-30,84.06,86.97,84.06,85.94,5370602
2020-05-01,85.94,86.89,85.94,86.65,3680990
2020-05-04,86.65,86.65,85.18,85.64,5667592
2020-05-05,85.64,86.91,85.26,86.71,3362854
2020-05-06,86.71,87.03,86.63,86.96,8284268
2020-05-07,86.96,88.98,86.96,88.95,3409409
2020-05-08,88.95,88.95,86.97,87.59,4050999
2020-05-11,87.59,87.59,85.85,86.99,4051622
2020-05-12,86.99,86.99,85.21,86.25,1775292
2020-05-13,86.25,86.25,83.3,83.38,4927352
2020-05-14,83.38,84.1,83.35,84.02,3333647
2020-05-15,84.02,86.59,83.52,84.59,4723234
2020-05-18,84.59,85.57,83.1,84.65,7572829
2020-05-19,84.65,84.65,83.41,84.23,1189073
2020-05-20,84.23,84.23,81.07,81.45,1359281
2020-05-21,81.45,83.55,79.76,80.66,8115972
2020-05-22,80.66,82.11,79.15,80.02,5414011
2020-05-25,80.02,80.02,77.34,78.47,2085610
2020-05-26,78.47,79.3,77.01,78.2,9181932
2020-05-27,78.2,80.09,77.41,79.05,8752342
2020-05-28,79.05,83.49,79.05,82.88,4858884
2020-05-29,82.88,84.33,82.64,83.28,2059165
2020-06-01,83.28,84.46,83.28,83.84,6300101
2020-06-02,83.84,85.66,83.14,83.74,8595959
2020-06-03,83.74,83.74,79.41,79.95,4933817
2020-06-04,79.95,80.17,79.79,79.95,7932973
2020-06-05,79.95,80.99,79.95,80.12,1576515
2020-06-08,80.12,85.59,80.12,85.1,5287382
2020-06-09,85.1,85.1,84.02,84.76,3050053
2020-06-10,84.76,85.78,84.76,85.42,6021983
2020-06-11,85.42,87.8,85.17,85.4,1759401
2020-06-12,85.4,85.4,82.12,83.11,2985681
2020-06-15,83.11,85.65,82.88,85.45,3561913
2020-06-16,85.45,88.05,85.45,87.0,5067784
2020-06-17,87.0,89.74,86.22,88.63,2549317
2020-06-18,88.63,88.63,86.08,86.86,5262511
2020-06-19,86.86,90.36,86.86,89.72,7625655
2020-06-22,89.72,89.72,86.7,86.96,1888698
2020-06-23,86.96,89.82,86.96,88.19,4486142
2020-06-24,88.19,93.77,88.19,92.62,2559657
2020-06-25,92.62,92.62,89.51,90.69,9196906
2020-06-26,90.69,90.69,88.49,89.61,8697808
2020-06-29,89.61,89.92,89.14,89.85,6938271
2020-06-30,89.85,89.85,88.18,88.9,4880323
2020-07-01,88.9,88.9,85.41,85.85,1545726
2020-07-02,85.85,86.46,85.85,86.03,3680259
2020-07-03,86.03,86.03,83.29,83.96,8766824
2020-07-06,83.96,85.41,83.96,84.96,9830852
2020-07-07,84.96,84.96,82.81,83.17,8399839
2020-07-08,83.17,87.28,83.17,86.32,1490999
2020-07-09,86.32,86.32,84.7,84.8,4189189
2020-07-10,84.8,85.43,82.66,84.21,7200853
2020-07-13,84.21,86.48,84.21,85.88,8622611
2020-07-14,85.88,85.88,82.0,83.47,9796015
2020-07-15,83.47,84.27,83.47,83.98,2303306
2020-07-16,83.98,88.02,83.98,86.64,6489612
2020-07-17,86.64,86.64,83.3,83.48,9809210
2020-07-20,83.48,84.02,83.48,83.9,7567304
2020-07-21,83.9,84.64,83.9,84.47,9445243
2020-07-22,84.47,86.09,84.47,86.08,3343136
2020-07-23,86.08,86.08,82.05,83.66,6568017
2020-07-24,83.66,83.66,80.24,81.06,5422888
2020-07-27,81.06,83.75,81.06,82.16,7424342
2020-07-28,82.16,83.65,81.16,82.8,8128146
2020-07-29,82.8,84.34,82.8,83.35,2720444
2020-07-30,83.35,86.25,82.43,84.1,1085166
2020-07-31,84.1,84.1,82.76,82.79,9074308
2020-08-03,82.79,84.62,82.79,83.3,4443571
2020-08-04,83.3,85.58,82.68,83.94,1297883
2020-08-05,83.94,83.94,81.94,82.56,7850529
2020-08-06,82.56,87.03,82.56,86.34,1756079
2020-08-07,86.34,89.59,86.34,87.34,4633646
2020-08-10,87.34,87.34,83.72,85.0,2443401
2020-08-11,85.0,86.69,85.0,86.37,7770153
2020-08-12,86.37,86.97,83.36,84.47,4011165
2020-08-13,84.47,88.38,84.47,86.09,2186430
2020-08-14,86.09,89.85,86.09,88.46,5155304
2020-08-17,88.46,88.51,85.73,86.87,7915096
2020-08-18,86.87,89.87,86.87,88.84,7710605
2020-08-19,88.84,92.16,88.71,89.72,4809395
2020-08-20,89.72,92.8,89.72,91.41,3659786
2020-08-21,91.41,95.82,91.41,95.26,2160714
2020-08-24,95.26,95.41,94.58,94.82,9701524
2020-08-25,94.82,94.82,92.89,93.36,9737452
2020-08-26,93.36,93.36,90.64,91.63,5322751
2020-08-27,91.63,91.63,89.97,90.05,6248575
2020-08-28,90.05,90.05,89.63,89.94,2612033
2020-08-31,89.94,90.74,89.94,90.68,3931531
2020-09-01,90.68,92.03,90.45,91.28,4324024
2020-09-02,91.28,93.27,90.9,92.99,8123753
2020-09-03,92.99,94.75,91.45,93.06,5875217
2020-09-04,93.06,96.12,93.06,96.02,2414474
2020-09-07,96.02,96.53,93.52,95.54,9741647
2020-09-08,95.54,102.13,95.54,101.03,9050418
2020-09-09,101.03,102.51,101.03,102.33,6620724
2020-09-10,102.33,102.33,100.31,100.67,3957498
2020-09-11,100.67,100.67,98.39,98.57,6244761
2020-09-14,98.57,101.16,98.22,99.59,7199951
2020-09-15,99.59,100.18,96.98,99.19,2569720
2020-09-16,99.19,101.61,99.14,100.67,6181930
2020-09-17,100.67,102.65,100.24,101.67,8496110
2020-09-18,101.67,101.8,101.3,101.57,8643374
2020-09-21,101.57,101.57,99.5,99.93,6134639
2020-09-22,99.93,99.93,96.36,96.95,4571387
2020-09-23,96.95,96.95,94.51,96.1,5914150
2020-09-24,96.1,99.2,96.1,97.87,6282433
2020-09-25,97.87,98.95,96.32,98.35,8738170
2020-09-28,98.35,98.35,94.54,95.9,1909210
2020-09-29,95.9,97.89,95.9,96.3,9421374
2020-09-30,96.3,97.56,96.3,97.12,7240327
2020-10-01,97.12,97.12,94.98,95.4,9158470
2020-10-02,95.4,96.31,95.4,95.76,7289270
2020-10-05,95.76,96.15,95.29,95.93,2460235
2020-10-06,95.93,95.93,93.2,93.69,2458316
2020-10-07,93.69,94.58,92.65,94.46,2427197
2020-10-08,94.46,96.06,94.46,95.63,5128784
2020-10-09,95.63,97.97,95.63,97.84,8139580
2020-10-12,97.84,100.55,97.84,100.0,5932048
2020-10-13,100.0,100.0,96.34,97.3,7768419
2020-10-14,97.3,97.3,95.0,95.47,4861460
2020-10-15,95.47,97.25,95.07,96.55,8102983
2020-10-16,96.55,98.29,96.55,97.63,4053380
2020-10-19,97.63,100.11,97.63,98.71,1311385
2020-10-20,98.71,108.21,98.71,106.46,7918863
2020-10-21,106.46,108.9,106.41,107.66,8916323
2020-10-22,107.66,110.67,107.66,109.98,4607323
2020-10-23,109.98,112.65,109.98,111.94,7514524
2020-10-26,111.94,114.18,111.94,113.29,7257838
2020-10-27,113.29,113.29,112.24,112.71,7415261
2020-10-28,112.71,115.52,112.71,114.28,1809359
2020-10-29,114.28,114.28,112.34,112.78,3201580
2020-10-30,112.78,112.78,112.29,112.36,2494139
2020-11-02,112.36,112.36,109.34,111.44,6473660
2020-11-03,111.44,113.79,111.4,111.65,4009828
2020-11-04,111.65,117.52,111.65,116.33,5152092
2020-11-05,116.33,116.33,112.0,112.64,1069518
2020-11-06,112.64,114.7,112.64,114.07,1176355
2020-11-09,114.07,114.07,110.71,110.89,9508851
2020-11-10,110.89,110.89,109.35,110.0,6201682
2020-11-11,110.0,112.36,110.0,112.23,7042060
2020-11-12,112.23,112.45,110.98,112.4,8230057
2020-11-13,112.4,112.4,109.7,110.3,7687764
2020-11-16,110.3,110.3,107.05,108.92,4199039
2020-11-17,108.92,112.54,108.92,110.33,3776374
2020-11-18,110.33,110.33,108.23,108.92,7683635
2020-11-19,108.92,110.77,108.61,109.4,3318620
2020-11-20,109.4,109.63,107.57,109.54,4487379
2020-11-23,109.54,110.87,107.39,108.29,8300259
2020-11-24,108.29,113.43,108.29,112.63,7295425
2020-11-25,112.63,115.58,112.63,113.94,3429151
2020-11-26,113.94,113.94,109.93,109.94,1041743
2020-11-27,109.94,110.92,109.41,110.37,9559556
2020-11-30,110.37,110.37,108.68,109.09,6521452
2020-12-01,109.09,112.48,109.09,110.85,7850322
2020-12-02,110.85,110.85,109.21,109.31,8950806
2020-12-03,109.31,109.34,108.55,109.13,9890401
2020-12-04,109.13,110.77,108.22,110.19,9714892
2020-12-07,110.19,112.99,110.19,111.97,2830314
2020-12-08,111.97,111.97,108.01,109.62,4777341
2020-12-09,109.62,110.23,108.9,109.0,9657116
2020-12-10,109.0,109.0,107.21,108.1,5585315
2020-12-11,108.1,108.1,105.52,106.85,6898931
2020-12-14,106.85,110.66,106.85,110.43,5976563
2020-12-15,110.43,112.84,110.37,111.29,2770403
2020-12-16,111.29,111.29,108.69,108.82,5371272
2020-12-17,108.82,111.54,108.82,110.7,8568370
2020-12-18,110.7,116.99,110.7,115.0,5929426
2020-12-21,115.0,117.49,115.0,117.11,1506995
2020-12-22,117.11,117.11,112.87,114.12,3185454
2020-12-23,114.12,114.41,112.84,113.2,7262094
2020-12-24,113.2,117.46,113.2,115.79,8928248
2020-12-25,115.79,115.79,114.0,114.42,3072723
2020-12-28,114.42,116.07,112.76,115.36,6227528
2020-12-29,115.36,117.02,115.36,116.96,1565635
2020-12-30,116.96,116.96,114.72,115.16,1527409
2020-12-31,115.16,115.16,114.68,115.09,1287635
2021-01-01,115.09,115.09,107.42,108.65,1583510
2021-01-04,108.65,108.65,105.58,106.66,5722340
2021-01-05,106.66,106.66,105.52,106.2,5778972
2021-01-06,106.2,106.2,102.56,103.76,7335787
2021-01-07,103.76,107.18,103.76,107.07,2693481
2021-01-08,107.07,107.07,103.94,104.26,4061342
2021-01-11,104.26,104.26,102.93,103.43,1600198
2021-01-12,103.43,104.98,103.43,103.74,1397891
2021-01-13,103.74,107.76,103.74,106.67,4081362
2021-01-14,106.67,106.67,103.36,103.85,5694505
2021-01-15,103.85,107.32,103.85,106.23,4647965
2021-01-18,106.23,106.61,106.23,106.3,2041566
2021-01-19,106.3,106.3,103.3,104.39,6081502
2021-01-20,104.39,105.5,104.27,105.36,2619282
2021-01-21,105.36,108.13,105.13,105.81,4434078
2021-01-22,105.81,105.81,103.51,104.66,4297466
2021-01-25,104.66,105.04,104.18,104.85,5441971
2021-01-26,104.85,104.85,103.66,104.13,5850825
2021-01-27,104.13,104.54,102.68,104.4,8323777
2021-01-28,104.4,105.93,104.4,105.78,7805697
2021-01-29,105.78,109.71,105.78,109.0,6595095
2021-02-01,109.0,109.0,105.59,106.57,8438096
2021-02-02,106.57,111.68,106.57,110.89,4053407
2021-02-03,110.89,110.89,106.57,107.04,2417231
2021-02-04,107.04,108.62,106.0,106.78,1407974
2021-02-05,106.78,108.52,106.78,108.01,4604724
2021-02-08,108.01,109.72,108.01,108.62,7818922
2021-02-09,108.62,109.58,106.0,107.43,7847575
2021-02-10,107.43,107.45,105.32,107.06,2151882
2021-02-11,107.06,108.62,105.14,106.12,7456182
2021-02-12,106.12,106.12,104.91,104.99,9118612
2021-02-15,104.99,107.58,104.99,106.74,7999366
2021-02-16,106.74,107.59,106.68,107.51,3471321
2021-02-17,107.51,107.51,105.65,106.17,1700270
2021-02-18,106.17,108.94,106.17,108.02,9479025
2021-02-19,108.02,108.98,107.28,108.69,5622942
2021-02-22,108.69,110.63,108.69,110.36,1192458
2021-02-23,110.36,111.99,110.17,111.67,5718912
2021-02-24,111.67,111.67,109.01,110.06,4896937
2021-02-25,110.06,110.06,107.99,108.99,6497963
2021-02-26,108.99,110.71,108.99,110.54,5102553
2021-03-01,110.54,112.56,110.54,111.81,9434858
2021-03-02,111.81,112.35,109.82,111.82,1475147
2021-03-03,111.82,113.0,108.99,112.1,4017193
2021-03-04,112.1,114.73,112.1,114.71,3112368
2021-03-05,114.71,114.71,113.39,113.57,7818753
2021-03-08,113.57,115.8,113.57,114.72,1876336
2021-03-09,114.72,114.84,113.48,114.36,7436737
2021-03-10,114.36,114.36,113.66,113.98,5898107
2021-03-11,113.98,117.04,113.98,116.22,6782197
2021-03-12,116.22,119.32,116.22,117.93,5071867
2021-03-15,117.93,120.16,117.93,119.6,8110953
2021-03-16,119.6,122.27,119.6,122.26,2418060
2021-03-17,122.26,123.67,121.93,122.36,5228087
2021-03-18,122.36,124.83,122.36,123.77,5228456
2021-03-19,123.77,123.77,122.58,123.2,5639022
2021-03-22,123.2,124.51,123.2,123.9,6796260
2021-03-23,123.9,123.9,122.59,123.69,9537333
2021-03-24,123.69,123.99,123.49,123.93,9879823
2021-03-25,123.93,125.7,123.93,125.17,6997804
2021-03-26,125.17,125.17,123.13,123.58,3268693
2021-03-29,123.58,128.31,123.58,127.82,4924152
2021-03-30,127.82,127.82,125.85,125.86,8688659
2021-03-31,125.86,125.86,122.81,123.48,9710506
2021-04-01,123.48,126.78,123.48,125.85,1685338
2021-04-02,125.85,127.62,125.85,127.48,4502415
2021-04-05,127.48,129.99,127.48,128.78,7334625
2021-04-06,128.78,130.68,128.78,130.08,9443353
2021-04-07,130.08,131.64,129.82,130.11,2683032
2021-04-08,130.11,130.11,128.29,128.36,6232651
2021-04-09,128.36,128.78,127.05,128.57,6954632
2021-04-12,128.57,128.75,126.91,127.26,3118219
2021-04-13,127.26,129.41,127.26,129.26,3148185
2021-04-14,129.26,129.36,128.44,129.02,9433864
2021-04-15,129.02,129.02,126.92,127.42,8037449
2021-04-16,127.42,127.42,126.77,126.82,9890872
2021-04-19,126.82,128.09,126.82,127.7,4346145
2021-04-20,127.7,127.7,125.96,126.62,3183955
2021-04-21,126.62,126.62,124.33,125.03,1479809
2021-04-22,125.03,125.57,125.03,125.57,3650432
2021-04-23,125.57,126.54,125.57,126.11,5175282
2021-04-26,126.11,126.33,124.62,125.14,6455483
2021-04-27,125.14,125.2,122.1,124.25,7864547
2021-04-28,124.25,126.25,123.67,124.76,2767413
2021-04-29,124.76,124.76,121.44,121.92,3573697
2021-04-30,121.92,121.92,118.29,119.15,4600952
2021-05-03,119.15,119.15,117.07,117.77,2971277
2021-05-04,117.77,117.77,117.0,117.39,6546510
2021-05-05,117.39,119.23,117.0,118.06,8896403
2021-05-06,118.06,122.86,118.06,121.06,7097020
2021-05-07,121.06,123.37,121.06,122.83,6354342
2021-05-10,122.83,123.32,121.19,122.56,2196311
2021-05-11,122.56,123.15,121.36,122.57,1142157
2021-05-12,122.57,123.2,120.35,120.61,5788109
2021-05-13,120.61,121.17,120.26,120.63,2462603
2021-05-14,120.63,120.63,119.96,120.1,1136645
2021-05-17,120.1,122.27,119.02,120.79,2652131
2021-05-18,120.79,120.79,118.78,119.19,2186837
2021-05-19,119.19,120.29,119.19,120.28,9730829
2021-05-20,120.28,123.97,120.28,123.39,8845219
2021-05-21,123.39,123.39,121.7,123.23,1053687
2021-05-24,123.23,125.05,122.97,124.08,3490272
2021-05-25,124.08,126.71,124.08,125.51,7843308
2021-05-26,125.51,125.51,123.22,124.76,6173395
2021-05-27,124.76,125.28,124.72,125.26,3629137
2021-05-28,125.26,126.27,123.62,125.33,5776415
2021-05-31,125.33,126.02,124.46,125.58,8208387
2021-06-01,125.58,125.58,122.85,124.08,7892180
2021-06-02,124.08,124.35,124.02,124.18,4861607
2021-06-03,124.18,126.94,124.18,125.23,5124390
2021-06-04,125.23,129.55,125.23,128.18,3656222
2021-06-07,128.18,131.76,128.18,130.15,5434315
2021-06-08,130.15,135.97,130.15,134.5,2553744
2021-06-09,134.5,134.5,131.57,133.02,5266988
2021-06-10,133.02,135.48,133.02,134.81,6693014
2021-06-11,134.81,136.27,133.9,135.23,9121485
2021-06-14,135.23,140.27,135.23,139.66,6459501
2021-06-15,139.66,139.92,137.83,138.09,8575327
2021-06-16,138.09,138.09,135.5,136.46,5013582
2021-06-17,136.46,136.46,134.36,135.31,3872875
2021-06-18,135.31,135.31,130.77,131.12,2841646
2021-06-21,131.12,131.12,130.07,130.12,6800545
2021-06-22,130.12,130.12,128.61,128.65,8970564
2021-06-23,128.65,129.3,128.24,129.0,9038508
2021-06-24,129.0,131.03,129.0,129.73,2596246
2021-06-25,129.73,135.1,129.73,133.53,9194253
2021-06-28,133.53,135.52,133.53,135.48,5428622
2021-06-29,135.48,135.48,133.35,134.38,3469930
2021-06-30,134.38,134.38,130.79,132.63,1131936
2021-07-01,132.63,134.35,132.63,133.67,9226036
2021-07-02,133.67,133.67,129.58,131.08,6152030
2021-07-05,131.08,134.93,131.08,134.79,5842256
2021-07-06,134.79,137.56,134.79,137.2,3469970
2021-07-07,137.2,137.2,134.86,136.31,6062581
2021-07-08,136.31,136.31,132.01,132.93,6312470
2021-07-09,132.93,136.66,132.93,135.69,3578682
2021-07-12,135.69,136.71,135.31,135.51,2504900
2021-07-13,135.51,138.7,135.51,138.04,9580504
2021-07-14,138.04,138.04,134.18,134.9,6283422
2021-07-15,134.9,134.9,133.57,133.75,5607765
2021-07-16,133.75,135.0,133.27,133.81,8157676
2021-07-19,133.81,134.67,133.68,133.96,3380612
2021-07-20,133.96,134.1,131.43,133.11,9622587
2021-07-21,133.11,135.16,133.06,134.4,9666712
2021-07-22,134.4,134.4,131.02,132.32,6219574
2021-07-23,132.32,133.58,131.25,132.08,6569451
2021-07-26,132.08,132.69,131.56,132.37,5791882
2021-07-27,132.37,133.7,132.3,133.45,7862758
2021-07-28,133.45,136.25,133.45,134.92,1995893
2021-07-29,134.92,134.92,131.19,132.72,3670492
2021-07-30,132.72,132.72,128.58,129.71,8354421
2021-08-02,129.71,134.48,129.71,132.31,3977299
2021-08-03,132.31,133.67,132.01,133.03,3934317
2021-08-04,133.03,133.03,131.31,131.58,5537454
2021-08-05,131.58,134.79,131.58,134.73,9151168
2021-08-06,134.73,135.28,134.67,135.01,2546064
2021-08-09,135.01,138.95,135.01,137.42,4240641
2021-08-10,137.42,138.11,136.28,137.61,3715548
2021-08-11,137.61,142.32,137.61,141.78,1779091
2021-08-12,141.78,146.41,141.78,145.34,2706930
2021-08-13,145.34,145.34,144.66,144.89,6967520
2021-08-16,144.89,147.72,144.89,146.88,1964795
2021-08-17,146.88,149.27,146.69,148.22,2578458
2021-08-18,148.22,152.98,148.22,151.01,9658123
2021-08-19,151.01,151.19,148.56,149.13,6981804
2021-08-20,149.13,151.66,149.13,150.55,8583491
2021-08-23,150.55,152.94,150.55,152.72,1671986
2021-08-24,152.72,152.72,148.92,149.25,9526508
2021-08-25,149.25,149.25,146.37,146.94,8845772
2021-08-26,146.94,146.94,141.89,142.91,9048056
2021-08-27,142.91,143.28,142.4,142.42,7989875
2021-08-30,142.42,144.49,142.42,143.91,9901674
2021-08-31,143.91,147.13,143.91,146.96,5008146
2021-09-01,146.96,147.44,146.79,147.16,3361331
2021-09-02,147.16,150.71,147.16,150.47,2158343
2021-09-03,150.47,150.47,146.93,147.76,1541529
2021-09-06,147.76,147.76,143.96,144.4,5348530
2021-09-07,144.4,145.07,142.73,144.34,9283161
2021-09-08,144.34,145.82,143.41,145.16,6156758
2021-09-09,145.16,146.31,143.76,145.14,3153548
2021-09-10,145.14,145.14,139.76,141.06,9507528
2021-09-13,141.06,142.22,140.24,140.93,1406547
2021-09-14,140.93,140.93,137.86,138.37,2657583
2021-09-15,138.37,140.41,138.37,139.76,1063014
2021-09-16,139.76,141.07,139.76,140.54,7477006
2021-09-17,140.54,140.54,138.48,138.71,6910494
2021-09-20,138.71,138.97,136.95,137.73,2235382
2021-09-21,137.73,137.73,134.97,135.66,6228298
2021-09-22,135.66,135.9,134.67,135.59,5532889
2021-09-23,135.59,139.25,135.59,137.55,9745386
2021-09-24,137.55,137.55,135.56,135.63,8775679
2021-09-27,135.63,139.29,135.63,136.69,4132293
2021-09-28,136.69,136.69,134.99,135.68,5032371
2021-09-29,135.68,135.9,132.65,134.14,3602352
2021-09-30,134.14,134.73,133.4,133.98,2531817
2021-10-01,133.98,133.98,131.72,131.96,7767835
2021-10-04,131.96,132.19,130.4,130.9,3015074
2021-10-05,130.9,130.9,128.08,128.55,6715175
2021-10-06,128.55,132.67,128.55,132.53,8745863
2021-10-07,132.53,133.88,131.91,132.65,5720058
2021-10-08,132.65,132.65,130.82,131.3,7619511
2021-10-11,131.3,132.63,130.54,131.78,2802502
2021-10-12,131.78,132.19,130.74,131.61,2462538
2021-10-13,131.61,131.8,130.33,131.21,7379878
2021-10-14,131.21,134.16,131.21,132.49,6745980
2021-10-15,132.49,134.45,132.49,134.06,3026819
2021-10-18,134.06,134.24,132.36,133.05,6209995
2021-10-19,133.05,133.05,131.74,131.94,4934053
2021-10-20,131.94,132.64,130.37,131.44,8632749
2021-10-21,131.44,131.44,124.53,126.89,6864075
2021-10-22,126.89,126.89,123.12,123.91,1732722
2021-10-25,123.91,126.71,123.91,126.69,6080692
2021-10-26,126.69,130.82,126.69,130.03,7025261
2021-10-27,130.03,130.23,128.86,129.59,9245044
2021-10-28,129.59,130.91,129.59,130.79,4875416
2021-10-29,130.79,131.88,130.01,131.46,6038460
2021-11-01,131.46,138.56,131.46,137.67,8317619
2021-11-02,137.67,140.4,137.67,139.96,7038602
2021-11-03,139.96,140.48,139.15,139.75,5101599
2021-11-04,139.75,139.75,136.17,137.89,2390598
2021-11-05,137.89,137.89,132.74,134.73,5546925
2021-11-08,134.73,135.59,134.42,135.19,5879797
2021-11-09,135.19,135.19,133.17,133.72,4775702
2021-11-10,133.72,133.72,130.07,130.93,5090284
2021-11-11,130.93,131.1,129.3,129.69,7770161
2021-11-12,129.69,129.69,127.53,127.57,7898410
2021-11-15,127.57,132.52,127.57,131.0,3455918
2021-11-16,131.0,134.07,130.89,132.81,9053048
2021-11-17,132.81,133.4,132.81,132.84,9093212
2021-11-18,132.84,138.41,132.84,135.85,9699043
2021-11-19,135.85,136.62,135.57,136.06,9547085
2021-11-22,136.06,136.06,132.94,134.39,8588173
2021-11-23,134.39,139.02,134.39,137.48,8955229
2021-11-24,137.48,140.62,137.48,138.61,8110928
2021-11-25,138.61,138.65,136.31,136.59,4730370
2021-11-26,136.59,137.46,135.98,136.25,4688173
2021-11-29,136.25,136.25,133.76,134.55,7705836
2021-11-30,134.55,134.55,131.5,131.84,9009806
2021-12-01,131.84,134.52,131.84,133.74,2980407
2021-12-02,133.74,138.16,133.74,137.61,7143192
2021-12-03,137.61,137.61,134.53,134.86,4277746
2021-12-06,134.86,136.04,134.86,136.04,1801125
2021-12-07,136.04,136.04,133.7,134.79,3386537
2021-12-08,134.79,134.79,133.04,133.86,3998778
2021-12-09,133.86,133.86,129.78,132.73,3693695
2021-12-10,132.73,132.73,129.81,131.05,2768693
2021-12-13,131.05,131.29,129.85,131.2,6254230
2021-12-14,131.2,131.2,128.26,129.58,4856600
2021-12-15,129.58,131.32,129.58,130.18,1101894
2021-12-16,130.18,130.32,129.58,130.13,2408277
2021-12-17,130.13,130.41,129.15,129.7,7188753
2021-12-20,129.7,129.8,127.68,127.93,4567945
2021-12-21,127.93,127.93,126.7,126.83,4666569
2021-12-22,126.83,128.51,126.83,128.39,4229112
2021-12-23,128.39,130.95,128.39,129.44,2048966
2021-12-24,129.44,129.44,125.32,127.54,8820783
2021-12-27,127.54,128.81,127.54,127.78,8875889
2021-12-28,127.78,131.19,127.78,129.34,5216794
2021-12-29,129.34,129.34,125.87,126.05,3089632
2021-12-30,126.05,127.77,124.2,127.19,8834112
2021-12-31,127.19,127.19,125.54,125.91,5799412
2022-01-03,125.91,128.06,125.91,127.1,8729578
2022-01-04,127.1,127.1,124.7,125.62,1312579
2022-01-05,125.62,125.62,121.58,122.07,7807040
2022-01-06,122.07,122.07,118.44,118.86,7355421
2022-01-07,118.86,120.55,118.4,119.01,2563825
2022-01-10,119.01,120.06,117.52,119.58,4518920
2022-01-11,119.58,119.58,116.69,117.82,5028604
2022-01-12,117.82,119.29,117.82,119.14,8433980
2022-01-13,119.14,119.14,114.94,115.87,2524631
2022-01-14,115.87,116.11,115.23,115.79,6224369
2022-01-17,115.79,115.79,112.5,113.42,5961914
2022-01-18,113.42,113.42,111.75,112.16,8595853
2022-01-19,112.16,113.9,112.01,112.31,8650961
2022-01-20,112.31,112.31,109.66,110.64,1906395
2022-01-21,110.64,110.64,109.0,109.92,2944606
2022-01-24,109.92,113.15,109.92,111.98,9288515
2022-01-25,111.98,113.75,110.82,110.88,5805028
2022-01-26,110.88,112.63,110.88,112.6,1970278
2022-01-27,112.6,112.6,109.13,110.39,9884527
2022-01-28,110.39,113.16,110.39,111.5,6271513
2022-01-31,111.5,114.89,111.5,114.43,6005231
2022-02-01,114.43,114.43,107.11,109.54,3948134
2022-02-02,109.54,109.54,107.56,107.99,2347203
2022-02-03,107.99,110.2,107.82,109.2,7666781
2022-02-04,109.2,109.2,108.28,108.84,9855197
2022-02-07,108.84,110.4,108.61,109.64,2187018
2022-02-08,109.64,109.7,106.39,108.48,6097579
2022-02-09,108.48,108.8,107.11,108.7,8411979
2022-02-10,108.7,108.7,106.56,108.44,3267357
2022-02-11,108.44,111.7,108.44,110.82,2799971
2022-02-14,110.82,112.21,110.82,111.38,1573881
2022-02-15,111.38,112.33,111.24,112.11,7296665
2022-02-16,112.11,112.11,110.8,111.33,6893868
2022-02-17,111.33,111.33,107.77,110.41,8609387
2022-02-18,110.41,110.41,109.59,109.59,6252807
2022-02-21,109.59,111.93,109.59,110.43,4878551
2022-02-22,110.43,110.43,108.72,109.64,4301394
2022-02-23,109.64,110.29,109.26,110.27,3827364
2022-02-24,110.27,115.22,110.27,114.47,4354513
2022-02-25,114.47,118.69,114.47,116.26,2613560
2022-02-28,116.26,116.55,115.41,115.66,3293673
2022-03-01,115.66,118.85,115.66,118.11,4475488
2022-03-02,118.11,118.11,116.94,117.35,4020745
2022-03-03,117.35,117.35,112.33,113.32,5644068
2022-03-04,113.32,113.32,110.7,111.36,4302923
2022-03-07,111.36,111.36,106.81,107.66,6643893
2022-03-08,107.66,107.66,106.78,107.01,4195741
2022-03-09,107.01,107.89,107.01,107.1,9605094
2022-03-10,107.1,111.76,107.1,110.5,9815496
2022-03-11,110.5,111.5,110.5,111.2,1835988
2022-03-14,111.2,112.17,110.77,110.82,6104459
2022-03-15,110.82,112.99,109.9,112.53,9103670
2022-03-16,112.53,112.53,107.04,108.15,1550428
2022-03-17,108.15,110.29,107.21,108.67,3089706
2022-03-18,108.67,111.43,108.67,110.27,5305665
2022-03-21,110.27,110.27,107.08,107.36,3889190
2022-03-22,107.36,110.51,107.36,109.7,9785780
2022-03-23,109.7,110.62,109.7,110.42,8751938
2022-03-24,110.42,110.79,109.25,109.64,8660678
2022-03-25,109.64,111.97,109.64,110.96,1255658
2022-03-28,110.96,115.61,110.96,115.55,2730283
2022-03-29,115.55,116.39,114.87,115.96,7395300
2022-03-30,115.96,117.2,115.88,116.51,6029792
2022-03-31,116.51,116.51,114.32,115.64,7389690
2022-04-01,115.64,115.64,113.79,113.99,7766174
2022-04-04,113.99,116.53,113.99,115.7,1751993
2022-04-05,115.7,115.7,113.98,114.04,1828282
2022-04-06,114.04,115.31,113.0,114.23,9860369
2022-04-07,114.23,116.25,112.87,113.33,7615920
2022-04-08,113.33,114.77,113.33,114.34,8313367
2022-04-11,114.34,115.96,114.34,115.05,8359659
2022-04-12,115.05,119.54,115.05,117.18,8663998
2022-04-13,117.18,117.22,113.96,116.21,6465513
2022-04-14,116.21,116.34,115.11,115.72,1317942
2022-04-15,115.72,115.87,113.6,113.81,4894456
2022-04-18,113.81,113.81,111.77,112.97,1337462
2022-04-19,112.97,114.5,112.97,113.78,6609210
2022-04-20,113.78,115.52,113.46,115.34,4928207
2022-04-21,115.34,115.34,112.93,113.55,9810381
2022-04-22,113.55,115.98,113.55,115.34,3430630
2022-04-25,115.34,118.9,115.34,118.1,5563167
2022-04-26,118.1,119.46,118.1,118.97,8463131
2022-04-27,118.97,123.73,118.97,122.78,3795126
2022-04-28,122.78,122.78,120.68,121.28,8614896
2022-04-29,121.28,121.28,116.64,118.84,6562632
2022-05-02,118.84,118.84,114.44,115.33,7398905
2022-05-03,115.33,118.63,115.33,118.38,6345708
2022-05-04,118.38,120.03,118.38,119.73,5266399
2022-05-05,119.73,121.24,118.54,119.67,3727364
2022-05-06,119.67,121.17,119.67,120.28,9476201
2022-05-09,120.28,120.28,118.08,118.08,6582266
2022-05-10,118.08,123.2,118.08,123.02,1902473
2022-05-11,123.02,126.52,122.66,123.33,1126202
2022-05-12,123.33,123.9,122.87,123.6,9507150
2022-05-13,123.6,125.85,123.6,125.1,2417158
2022-05-16,125.1,126.54,125.1,126.11,2835932
2022-05-17,126.11,127.76,125.16,126.61,3672762
2022-05-18,126.61,126.61,124.38,125.08,4716434
2022-05-19,125.08,127.51,125.08,126.07,1455433
2022-05-20,126.07,130.81,126.07,129.89,9478748
2022-05-23,129.89,133.3,129.89,132.63,2515554
2022-05-24,132.63,137.74,132.63,135.87,2584645
2022-05-25,135.87,135.97,134.03,134.89,4230786
2022-05-26,134.89,134.89,131.56,132.96,5676103
2022-05-27,132.96,134.04,132.06,132.76,4416403
2022-05-30,132.76,132.99,132.48,132.92,8639214
2022-05-31,132.92,136.01,132.92,135.16,8690115
2022-06-01,135.16,135.16,131.53,131.83,4621420
2022-06-02,131.83,135.78,131.83,134.94,4943439
2022-06-03,134.94,135.31,134.47,134.67,2251661
2022-06-06,134.67,134.9,133.55,133.87,2114100
2022-06-07,133.87,133.87,130.19,131.89,8816184
2022-06-08,131.89,131.89,127.56,128.63,2509390
2022-06-09,128.63,131.28,128.63,130.33,3007878
2022-06-10,130.33,130.95,129.58,130.53,5712037
2022-06-13,130.53,130.53,126.96,128.0,9704225
2022-06-14,128.0,128.0,125.06,125.46,8228840
2022-06-15,125.46,125.46,123.02,124.83,2804053
2022-06-16,124.83,129.63,124.83,128.22,7281328
2022-06-17,128.22,128.22,126.9,127.75,5470756
2022-06-20,127.75,127.75,124.14,124.8,9480171
2022-06-21,124.8,125.42,123.26,124.35,3827754
2022-06-22,124.35,124.35,123.07,123.86,5953799
2022-06-23,123.86,123.86,118.14,118.52,9239115
2022-06-24,118.52,119.44,117.05,118.46,9351184
2022-06-27,118.46,119.23,118.03,118.04,4739469
2022-06-28,118.04,122.08,118.04,119.49,9642979
2022-06-29,119.49,123.81,119.49,123.24,3199318
2022-06-30,123.24,125.86,123.24,125.54,6257386
2022-07-01,125.54,125.54,124.54,125.05,4094510
2022-07-04,125.05,125.05,121.86,122.89,1420888
2022-07-05,122.89,128.42,122.89,128.08,9295953
2022-07-06,128.08,128.55,127.4,128.25,6570090
2022-07-07,128.25,128.5,127.24,128.33,1190285
2022-07-08,128.33,129.65,127.44,128.33,4196699
2022-07-11,128.33,129.78,128.33,128.78,3211130
2022-07-12,128.78,129.68,127.99,128.54,2207739
2022-07-13,128.54,128.76,126.27,127.44,9176958
2022-07-14,127.44,127.44,125.5,126.4,4128411
2022-07-15,126.4,128.51,125.79,126.38,6130418
2022-07-18,126.38,126.38,124.4,125.35,3716826
2022-07-19,125.35,125.35,123.51,123.97,2488543
2022-07-20,123.97,124.26,122.87,124.23,6853294
2022-07-21,124.23,124.77,122.93,123.77,6929191
2022-07-22,123.77,127.34,123.77,126.83,3702303
2022-07-25,126.83,126.83,121.03,121.58,3437587
2022-07-26,121.58,124.36,121.58,123.81,7417115
2022-07-27,123.81,126.59,123.81,126.35,6587757
2022-07-28,126.35,126.35,121.68,122.26,2111288
2022-07-29,122.26,122.26,121.36,121.62,4298273
2022-08-01,121.62,121.85,120.39,120.93,8316359
2022-08-02,120.93,120.93,117.16,118.16,9992719
2022-08-03,118.16,118.16,114.7,116.66,7323686
2022-08-04,116.66,116.66,114.14,114.49,7594244
2022-08-05,114.49,119.56,114.49,118.04,1831635
2022-08-08,118.04,120.96,118.04,119.96,2467217
2022-08-09,119.96,122.99,119.96,122.56,3744686
2022-08-10,122.56,124.45,122.56,124.05,4230545
2022-08-11,124.05,124.05,121.54,121.84,8578689
2022-08-12,121.84,121.84,120.51,120.84,8557065
2022-08-15,120.84,122.2,120.84,121.87,1231414
2022-08-16,121.87,121.87,119.14,119.48,3402110
2022-08-17,119.48,122.14,119.48,120.95,2643083
2022-08-18,120.95,120.99,120.05,120.52,6050058
2022-08-19,120.52,120.52,118.29,119.82,1021650
2022-08-22,119.82,121.58,119.82,121.3,2404962
2022-08-23,121.3,122.49,121.3,122.23,4023846
2022-08-24,122.23,122.23,120.55,121.56,3913293
2022-08-25,121.56,124.41,121.56,123.93,9594859
2022-08-26,123.93,123.93,121.78,121.82,7825687
2022-08-29,121.82,124.45,121.82,123.1,4844328
2022-08-30,123.1,124.46,123.1,124.34,8779008
2022-08-31,124.34,125.71,122.34,123.77,7020010
2022-09-01,123.77,125.47,123.39,124.47,8121782
2022-09-02,124.47,124.47,120.71,122.02,6172886
2022-09-05,122.02,124.43,122.02,123.92,5513207
2022-09-06,123.92,123.92,122.27,123.6,9050763
2022-09-07,123.6,123.6,122.21,122.6,2724854
2022-09-08,122.6,125.24,122.6,124.75,9771419
2022-09-09,124.75,124.75,121.38,123.39,5695995
2022-09-12,123.39,123.39,119.6,120.62,2008314
2022-09-13,120.62,120.62,117.31,117.56,5408608
2022-09-14,117.56,119.06,117.56,118.82,3493330
2022-09-15,118.82,118.82,116.17,116.31,7730419
2022-09-16,116.31,121.77,116.31,119.87,7605949
2022-09-19,119.87,119.87,115.4,115.76,5396208
2022-09-20,115.76,120.17,115.76,119.2,1711716
2022-09-21,119.2,120.78,118.85,119.67,3767257
2022-09-22,119.67,119.67,118.0,119.53,8542242
2022-09-23,119.53,120.66,117.99,118.49,8359055
2022-09-26,118.49,120.18,117.94,119.34,2699660
2022-09-27,119.34,119.85,118.94,119.31,7110845
2022-09-28,119.31,121.66,119.31,121.57,1345430
2022-09-29,121.57,122.18,121.22,121.85,2857845
2022-09-30,121.85,122.39,121.31,122.2,3505365
2022-10-03,122.2,122.23,120.93,121.52,7312379
2022-10-04,121.52,121.89,121.33,121.46,9135340
2022-10-05,121.46,122.63,120.17,122.12,1847405
2022-10-06,122.12,122.12,118.24,118.75,1233462
2022-10-07,118.75,118.75,115.05,116.1,7342869
2022-10-10,116.1,118.26,116.1,117.64,3986068
2022-10-11,117.64,118.97,116.07,118.03,2968921
2022-10-12,118.03,118.8,117.71,117.71,4401447
2022-10-13,117.71,118.34,116.79,117.8,6515328
2022-10-14,117.8,119.35,117.21,118.55,9798834
2022-10-17,118.55,118.55,116.77,117.52,6369919
2022-10-18,117.52,117.85,115.53,116.01,2764694
2022-10-19,116.01,116.68,115.22,116.45,7471530
2022-10-20,116.45,116.45,112.86,114.55,2807254
2022-10-21,114.55,115.43,114.55,115.41,6002828
2022-10-24,115.41,115.41,111.18,112.06,1131562
2022-10-25,112.06,114.97,112.06,114.17,6904214
2022-10-26,114.17,116.78,114.17,115.16,7933966
2022-10-27,115.16,116.78,115.16,115.72,6590240
2022-10-28,115.72,118.81,115.72,117.74,9358827
2022-10-31,117.74,122.07,117.74,121.12,1360306
2022-11-01,121.12,124.91,121.12,123.2,8565991
2022-11-02,123.2,123.2,119.15,119.57,3724274
2022-11-03,119.57,119.57,116.59,117.06,2594502
2022-11-04,117.06,117.06,115.81,115.86,2488303
2022-11-07,115.86,117.12,115.4,115.96,6982547
2022-11-08,115.96,117.97,114.51,117.04,1518490
2022-11-09,117.04,117.04,115.35,115.64,5229228
2022-11-10,115.64,117.04,115.64,116.07,2903124
2022-11-11,116.07,116.07,113.45,114.61,3792537
2022-11-14,114.61,114.61,113.05,113.43,7254887
2022-11-15,113.43,113.43,110.46,110.67,4147887
2022-11-16,110.67,111.58,107.12,108.87,7864684
2022-11-17,108.87,108.87,104.65,106.22,2587542
2022-11-18,106.22,106.22,103.85,104.32,4862163
2022-11-21,104.32,108.31,104.32,106.48,8745269
2022-11-22,106.48,106.48,104.55,104.63,5856436
2022-11-23,104.63,111.31,104.63,109.94,8056784
2022-11-24,109.94,111.12,109.94,110.98,9543144
2022-11-25,110.98,112.35,110.64,111.4,7234408
2022-11-28,111.4,111.4,108.6,109.73,1624773
2022-11-29,109.73,112.5,109.73,111.18,8581002
2022-11-30,111.18,111.72,109.45,110.08,3017528
2022-12-01,110.08,111.12,109.57,110.37,2678332
2022-12-02,110.37,115.62,110.37,115.54,2002021
2022-12-05,115.54,117.0,114.77,115.4,7292357
2022-12-06,115.4,118.0,115.4,117.75,3185132
2022-12-07,117.75,117.75,115.57,116.39,1292007
2022-12-08,116.39,118.55,116.34,116.37,7778519
2022-12-09,116.37,120.14,116.37,119.97,3928785
2022-12-12,119.97,119.97,118.25,118.76,5791164
2022-12-13,118.76,122.99,118.76,122.44,2612119
2022-12-14,122.44,123.95,122.44,123.9,8927532
2022-12-15,123.9,124.52,122.08,122.83,9776381
2022-12-16,122.83,124.76,122.83,124.14,7277120
2022-12-19,124.14,126.33,124.14,126.14,5216803
2022-12-20,126.14,128.17,126.14,127.43,3583677
2022-12-21,127.43,127.43,124.06,124.34,1143704
2022-12-22,124.34,124.34,122.68,122.94,9454364
2022-12-23,122.94,122.94,122.25,122.49,7731666
2022-12-26,122.49,122.82,122.33,122.39,8891784
2022-12-27,122.39,124.38,122.39,123.68,8775872
2022-12-28,123.68,125.5,123.21,124.09,5714386
2022-12-29,124.09,124.09,120.82,121.47,3396640
2022-12-30,121.47,123.78,121.08,122.28,7375247
2023-01-02,122.28,124.31,122.28,123.55,7994791
2023-01-03,123.55,124.8,123.55,124.72,4278262
2023-01-04,124.72,128.39,124.72,126.93,9246673
2023-01-05,126.93,128.96,126.93,128.65,8421473
2023-01-06,128.65,130.37,128.32,129.62,2916796
2023-01-09,129.62,129.85,129.07,129.53,2286188
2023-01-10,129.53,129.53,126.07,126.26,9822405
2023-01-11,126.26,129.04,126.26,127.16,4085945
2023-01-12,127.16,127.74,127.07,127.63,5168773
2023-01-13,127.63,128.38,127.63,128.22,7637034
2023-01-16,128.22,128.22,124.79,125.72,8948838
2023-01-17,125.72,125.72,123.58,123.61,2784094
2023-01-18,123.61,126.52,123.61,125.76,1239608
2023-01-19,125.76,126.05,125.16,125.73,4662097
2023-01-20,125.73,127.94,125.36,127.15,9737723
2023-01-23,127.15,128.33,126.89,127.25,9054515
2023-01-24,127.25,127.38,127.06,127.36,5297084
2023-01-25,127.36,131.19,127.36,129.29,4146243
2023-01-26,129.29,129.29,125.61,128.31,5042942
2023-01-27,128.31,129.26,128.2,128.55,1853159
2023-01-30,128.55,129.19,126.67,127.68,4898888
2023-01-31,127.68,128.66,126.76,126.86,1895596
2023-02-01,126.86,127.87,124.51,126.29,8648392
2023-02-02,126.29,127.05,126.29,126.78,3431129
2023-02-03,126.78,126.78,125.04,125.88,2600720
2023-02-06,125.88,130.02,125.88,128.44,3605327
2023-02-07,128.44,128.44,126.15,126.7,4219598
2023-02-08,126.7,126.86,126.26,126.37,7184546
2023-02-09,126.37,126.37,124.91,125.54,7387958
2023-02-10,125.54,130.1,125.54,128.49,9979219
2023-02-13,128.49,129.83,128.49,128.93,9817164
2023-02-14,128.93,131.31,128.93,131.04,4675049
2023-02-15,131.04,131.04,127.31,128.12,7626924
2023-02-16,128.12,130.86,128.12,128.71,7045001
2023-02-17,128.71,131.26,128.71,130.54,6876924
2023-02-20,130.54,130.96,130.36,130.75,9868958
2023-02-21,130.75,133.92,130.75,132.93,1496232
2023-02-22,132.93,132.93,131.67,131.95,4634183
2023-02-23,131.95,134.89,131.95,134.82,8602242
2023-02-24,134.82,139.69,134.82,139.46,3628973
2023-02-27,139.46,139.46,137.38,138.79,4912669
2023-02-28,138.79,138.79,137.9,137.95,4991818
2023-03-01,137.95,141.35,137.95,140.9,9164962
2023-03-02,140.9,145.2,140.9,144.11,4779044
2023-03-03,144.11,144.53,143.06,143.12,7041084
2023-03-06,143.12,143.12,141.38,142.33,6070121
2023-03-07,142.33,142.33,141.45,141.81,1250231
2023-03-08,141.81,141.81,137.47,139.18,5735524
2023-03-09,139.18,139.18,136.46,137.39,4372105
2023-03-10,137.39,137.39,133.87,135.43,7741499
2023-03-13,135.43,135.43,133.67,133.94,1978935
2023-03-14,133.94,134.54,133.68,133.92,6267528
2023-03-15,133.92,134.8,133.92,134.44,3130118
2023-03-16,134.44,138.74,134.44,137.59,1420993
2023-03-17,137.59,137.59,134.02,135.65,4401461
2023-03-20,135.65,137.7,135.45,137.67,3260791
2023-03-21,137.67,137.67,137.13,137.29,9634939
2023-03-22,137.29,137.37,136.94,137.24,5601318
2023-03-23,137.24,140.52,137.12,138.64,8274324
2023-03-24,138.64,138.64,134.97,136.44,5080790
2023-03-27,136.44,137.35,136.09,137.26,3752690
2023-03-28,137.26,137.8,137.26,137.64,2003510
2023-03-29,137.64,139.7,137.58,138.68,2071192
2023-03-30,138.68,140.57,138.68,139.3,4415473
2023-03-31,139.3,145.13,139.3,144.27,2860371
2023-04-03,144.27,144.27,142.43,143.04,8778512
2023-04-04,143.04,143.04,141.49,142.03,2571480
2023-04-05,142.03,142.03,140.28,140.83,4615590
2023-04-06,140.83,141.55,138.94,139.77,3360901
2023-04-07,139.77,139.77,137.44,138.55,8238225
2023-04-10,138.55,141.89,138.55,140.97,3952053
2023-04-11,140.97,144.87,140.97,143.86,4291987
2023-04-12,143.86,143.86,142.26,142.77,8541714
2023-04-13,142.77,142.77,140.44,141.16,5263272
2023-04-14,141.16,142.4,141.16,142.15,9973326
2023-04-17,142.15,142.15,139.92,141.1,6492952
2023-04-18,141.1,142.67,141.1,142.41,7297042
2023-04-19,142.41,143.0,142.34,142.87,5052579
2023-04-20,142.87,142.87,139.4,139.89,8200262
2023-04-21,139.89,143.83,139.89,143.03,4884175
2023-04-24,143.03,148.42,143.03,146.67,8725166
2023-04-25,146.67,146.8,145.09,145.5,8689205
2023-04-26,145.5,146.44,144.46,144.77,2609425
2023-04-27,144.77,146.43,144.56,145.39,3303707
2023-04-28,145.39,147.24,145.23,146.11,1998899
2023-05-01,146.11,148.57,146.11,147.48,6462610
2023-05-02,147.48,151.96,147.48,151.55,3098729
2023-05-03,151.55,152.35,150.61,151.25,8237310
2023-05-04,151.25,151.25,149.24,149.7,2820844
2023-05-05,149.7,149.7,144.9,146.99,1951302
2023-05-08,146.99,146.99,145.0,145.58,8568538
2023-05-09,145.58,146.87,145.53,145.56,2120803
2023-05-10,145.56,150.6,145.56,149.2,8139845
2023-05-11,149.2,149.2,147.28,148.22,8587973
2023-05-12,148.22,148.92,148.05,148.72,1150653
2023-05-15,148.72,150.42,148.44,148.73,3488144
2023-05-16,148.73,151.96,148.73,151.16,6962413
2023-05-17,151.16,157.23,151.16,156.26,6127319
2023-05-18,156.26,156.87,153.13,155.25,4483978
2023-05-19,155.25,155.56,153.72,154.32,6942654
2023-05-22,154.32,157.05,154.32,156.46,6839741
2023-05-23,156.46,157.9,155.13,157.87,6088539
2023-05-24,157.87,161.9,157.87,161.62,7935426
2023-05-25,161.62,163.65,161.62,162.84,6780554
2023-05-26,162.84,162.84,160.78,162.17,9774821
2023-05-29,162.17,163.87,162.17,163.4,6297340
2023-05-30,163.4,165.68,163.4,165.67,3496589
2023-05-31,165.67,167.9,165.67,167.36,1416690
2023-06-01,167.36,168.43,166.29,168.42,3996244
2023-06-02,168.42,171.04,168.42,170.6,6359462
2023-06-05,170.6,173.1,170.6,172.99,8838941
2023-06-06,172.99,175.9,172.99,175.81,1678066
2023-06-07,175.81,177.53,173.23,177.16,2877779
2023-06-08,177.16,177.16,174.79,176.87,2625199
2023-06-09,176.87,178.81,175.49,177.21,2801951
2023-06-12,177.21,180.24,177.21,179.68,9441557
2023-06-13,179.68,179.68,177.81,178.09,9228736
2023-06-14,178.09,179.58,178.09,178.88,1789148
2023-06-15,178.88,178.88,177.72,178.14,9340791
2023-06-16,178.14,179.42,177.68,178.25,9372602
2023-06-19,178.25,181.23,178.25,180.86,8008642
2023-06-20,180.86,181.4,179.77,181.29,4821301
2023-06-21,181.29,181.88,180.68,181.43,2308166
2023-06-22,181.43,181.43,178.35,178.76,7192357
2023-06-23,178.76,181.43,178.76,180.31,3511019
2023-06-26,180.31,182.84,180.31,181.65,2330728
2023-06-27,181.65,186.17,181.65,186.02,2029242
2023-06-28,186.02,187.19,184.92,185.46,3167626
2023-06-29,185.46,188.18,185.46,185.95,4708201
2023-06-30,185.95,187.13,185.76,186.5,9738676
2023-07-03,186.5,190.2,186.5,189.7,8283377
2023-07-04,189.7,191.36,188.87,189.56,8017955
2023-07-05,189.56,190.71,188.32,190.17,3738384
2023-07-06,190.17,192.22,190.17,191.43,1404911
2023-07-07,191.43,192.48,191.19,191.86,3508164
2023-07-10,191.86,191.86,190.92,191.01,4319343
2023-07-11,191.01,191.92,190.16,191.45,7174943
2023-07-12,191.45,195.63,191.45,193.65,2169070
2023-07-13,193.65,193.65,190.9,191.65,1171277
2023-07-14,191.65,193.03,191.65,191.96,8351548
2023-07-17,191.96,191.96,190.55,190.61,2361212
2023-07-18,190.61,195.13,190.61,193.05,6880926
2023-07-19,193.05,193.05,189.8,190.06,2603344
2023-07-20,190.06,191.52,188.87,188.99,7562865
2023-07-21,188.99,190.08,188.99,189.79,7929909
2023-07-24,189.79,194.07,189.79,192.97,9113649
2023-07-25,192.97,194.85,191.91,192.89,2381710
2023-07-26,192.89,193.06,190.96,191.83,3591822
2023-07-27,191.83,196.14,191.83,195.64,3057797
2023-07-28,195.64,195.64,191.91,192.8,5415239
2023-07-31,192.8,192.8,187.49,188.45,4101373
2023-08-01,188.45,192.02,188.45,189.38,3800174
2023-08-02,189.38,189.93,186.95,188.43,1873420
2023-08-03,188.43,188.43,185.83,186.43,7002024
2023-08-04,186.43,188.37,186.43,187.9,9881111
2023-08-07,187.9,189.52,186.8,188.44,5412903
2023-08-08,188.44,188.44,186.97,187.36,3565820
2023-08-09,187.36,187.36,183.85,184.85,6834611
2023-08-10,184.85,187.04,184.85,186.64,6534448
2023-08-11,186.64,188.26,186.64,187.99,7332961
2023-08-14,187.99,188.19,187.66,187.85,9369597
2023-08-15,187.85,192.21,187.85,191.59,8442510
2023-08-16,191.59,191.59,188.35,189.5,8402731
2023-08-17,189.5,189.5,186.41,186.5,1944461
2023-08-18,186.5,186.5,182.17,185.16,2467256
2023-08-21,185.16,186.25,184.94,185.12,5349025
2023-08-22,185.12,185.71,184.03,185.66,8112646
2023-08-23,185.66,187.0,184.02,185.23,5330972
2023-08-24,185.23,187.24,185.2,185.98,9667126
2023-08-25,185.98,185.98,183.06,183.53,7934430
2023-08-28,183.53,187.12,183.53,186.47,4411647
2023-08-29,186.47,186.95,185.4,186.35,8725976
2023-08-30,186.35,190.01,186.35,188.64,8098917
2023-08-31,188.64,191.51,188.44,189.37,3705421
2023-09-01,189.37,193.47,189.37,190.34,6798273
2023-09-04,190.34,192.58,190.34,191.52,9795492
2023-09-05,191.52,192.69,191.36,192.47,9535640
2023-09-06,192.47,193.86,192.47,193.81,7942263
2023-09-07,193.81,196.8,193.81,196.51,5652124
2023-09-08,196.51,197.48,196.43,196.96,2362516
2023-09-11,196.96,199.07,196.96,198.42,3375100
2023-09-12,198.42,198.85,197.07,198.3,6227541
2023-09-13,198.3,201.32,198.3,201.23,2718562
2023-09-14,201.23,201.23,199.57,199.92,3256356
2023-09-15,199.92,203.73,199.92,203.57,8215409
2023-09-18,203.57,203.74,201.72,203.54,2329785
2023-09-19,203.54,203.54,200.46,200.73,8179391
2023-09-20,200.73,201.63,199.13,201.04,5299376
2023-09-21,201.04,202.67,199.66,199.73,3761642
2023-09-22,199.73,202.11,199.73,201.46,5283664
2023-09-25,201.46,201.46,198.22,200.2,5881539
2023-09-26,200.2,200.2,198.45,199.36,5964948
2023-09-27,199.36,199.36,195.53,195.63,3758566
2023-09-28,195.63,195.9,193.51,194.78,3328033
2023-09-29,194.78,194.78,189.13,189.98,2155933
2023-10-02,189.98,189.98,186.32,186.86,9175576
2023-10-03,186.86,188.84,186.86,188.43,8166276
2023-10-04,188.43,191.03,188.43,190.05,8691332
2023-10-05,190.05,192.33,189.68,190.95,8059903
2023-10-06,190.95,190.95,188.34,189.07,6441039
2023-10-09,189.07,189.89,188.74,189.03,7077234
2023-10-10,189.03,190.02,187.41,189.07,1194152
2023-10-11,189.07,189.07,185.84,186.8,2928356
2023-10-12,186.8,190.58,186.8,189.86,5797927
2023-10-13,189.86,192.18,189.86,191.66,4119812
2023-10-16,191.66,191.91,190.14,191.27,4800760
2023-10-17,191.27,191.81,188.96,191.37,1975112
2023-10-18,191.37,192.64,190.33,191.84,5033123
2023-10-19,191.84,191.84,187.21,187.81,6414229
2023-10-20,187.81,188.55,187.29,187.36,1555839
2023-10-23,187.36,187.36,185.84,186.05,1614101
2023-10-24,186.05,186.05,183.14,184.1,1449813
2023-10-25,184.1,184.65,183.51,183.58,9227489
2023-10-26,183.58,187.26,183.58,187.23,6147501
2023-10-27,187.23,189.44,187.23,188.56,6121632
2023-10-30,188.56,188.56,187.13,187.47,6896721
2023-10-31,187.47,189.41,187.47,188.66,1551238
